"Ключевое слово";"Слов";"Символов";"Частотность Весь мир";"""!Частотность !Весь !мир"""
"вызвать мастера уфа";3;19;70;0
"уфа вызвать мастера триколор";4;28;2;0
"ремонт холодильников вызвать мастера уфа";5;40;6;0
"вызвать мастера ростелеком на дом уфа";6;37;8;6
"ремонт холодильников уфа вызвать мастера";5;40;6;0
"вызвать мастера на дом уфа";5;26;22;0
"вызвать мастера по стиральным машинам уфа";6;41;2;0
"уфанет вызвать мастера уфа";4;26;9;2
"уфа вызвать мастера";3;19;65;0
"вызвать мастера по ремонту стиральной машины уфа";7;48;2;1
"вызвать мастера в уфе";4;21;13;0
"вызвать мастера уфанет уфа";4;26;9;2
"вызвать мастера по ремонту холодильников уфа";6;44;6;2
"ремонт холодильников уфа вызвать мастера на дом";7;47;4;0
"мастер по вызову уфа";4;20;71;0
"вызвать уфанет мастера уфа";4;26;9;2
"вызвать мастера по ремонту стиральных машин уфа";7;47;2;0
"вызвать мастера триколор уфа";4;28;2;0
"вызвать мастера стиральных машин уфа";5;36;2;0
"вызвать мастера стиральной машины уфа";5;37;2;0
"вызвать мастера триколор тв уфа";5;31;2;0
"вызвать мастера дом ру уфа";5;26;2;0
"уфа вызвать мастера стиральная машина";5;37;2;0
